<?xml version="1.0" encoding="UTF-8"?>
<project-private xmlns="http://www.netbeans.org/ns/project-private/1">
    <editor-bookmarks xmlns="http://www.netbeans.org/ns/editor-bookmarks/2" lastBookmarkId="0"/>
    <open-files xmlns="http://www.netbeans.org/ns/projectui-open-files/2">
        <group>
            <file>file:/C:/Users/johnx/OneDrive/Desktop/final%20pa%201/CourseSchedulerJohnXujpx5070/src/query/SemesterQueries.java</file>
            <file>file:/C:/Users/johnx/OneDrive/Desktop/final%20pa%201/CourseSchedulerJohnXujpx5070/src/GUI/CourseSchedulerGUI.java</file>
            <file>file:/C:/Users/johnx/OneDrive/Desktop/final%20pa%201/CourseSchedulerJohnXujpx5070/src/model/SemesterEntry.java</file>
            <file>file:/C:/Users/johnx/OneDrive/Desktop/final%20pa%201/CourseSchedulerJohnXujpx5070/src/DB/DBConnection.java</file>
            <file>file:/C:/Users/johnx/OneDrive/Desktop/final%20pa%201/CourseSchedulerJohnXujpx5070/src/model/CourseEntry.java</file>
            <file>file:/C:/Users/johnx/OneDrive/Desktop/final%20pa%201/CourseSchedulerJohnXujpx5070/src/query/CourseQueries.java</file>
            <file>file:/C:/Users/johnx/OneDrive/Desktop/final%20pa%201/CourseSchedulerJohnXujpx5070/src/query/ScheduleQueries.java</file>
            <file>file:/C:/Users/johnx/OneDrive/Desktop/final%20pa%201/CourseSchedulerJohnXujpx5070/src/model/StudentEntry.java</file>
            <file>file:/C:/Users/johnx/OneDrive/Desktop/final%20pa%201/CourseSchedulerJohnXujpx5070/src/query/StudentQueries.java</file>
            <file>file:/C:/Users/johnx/OneDrive/Desktop/final%20pa%201/CourseSchedulerJohnXujpx5070/src/model/ScheduleEntry.java</file>
        </group>
    </open-files>
</project-private>
